{"nodes":{"node:1":{"location":{"x":-47,"y":42}},"node:11":{"location":{"x":475,"y":58}},"node:3":{"location":{"x":806,"y":40}},"node:5":{"location":{"x":91,"y":10}},"node:8":{"location":{"x":-84,"y":-134}}},"selection":null,"view":{"scroll":{"x":-496.687286376953125,"y":-145.2408447265625},"zoom":0.749999940395355225}}