{"nodes":null,"selection":null,"view":{"scroll":{"x":-490.4454345703125,"y":183.724929809570312},"zoom":1}}