{"nodes":{"node:1":{"location":{"x":33,"y":266}},"node:3":{"location":{"x":486,"y":264}},"node:5":{"location":{"x":171,"y":266}}},"selection":null,"view":{"scroll":{"x":-138.387176513671875,"y":229.512939453125},"zoom":0.999999940395355225}}